Amersham Underground Stationmain entrance,51.674206,-0.607362
Chalfont & Latimer Underground StationSouth entrance,51.667915,-0.560616
Chalfont & Latimer Underground StationNorth entrance,51.668122,-0.560624
Chesham Underground Stationmain entrance,51.705227,-0.611113
Buckhurst Hill Underground Station entrance,51.626627,0.046498
Buckhurst Hill Underground Stationeast entrance,51.625233,0.047042
Buckhurst Hill Underground Stationwest entrance,51.62532,0.046179
Chigwell Underground Stationsouth entrance,51.617858,0.074258
Debden Underground Stationnorth entrance,51.645557,0.083804
Debden Underground Stationsouth entrance,51.645156,0.084104
Epping Underground Station entrance,51.693754,0.113641
Grange Hill Underground Station entrance A,51.613442,0.092025
Loughton Underground Station entrance,51.641653,0.055283
Theydon Bois Underground Station entrance,51.671572,0.102976
Croxley Underground Stationsouth entrance,51.647071,-0.441746
Chorleywood Underground Stationeast entrance,51.654294,-0.518319
Chorleywood Underground Stationwest entrance,51.654143,-0.518511
Moor Park Underground Stationwest entrance,51.629695,-0.432704
Moor Park Underground Stationeast entrance,51.629784,-0.431964
Rickmansworth Underground Stationnorth entrance,51.640386,-0.473654
Watford Underground Stationnorth entrance,51.657533,-0.417157
Acton Town Underground Station entrance 1,51.503011,-0.28042
Acton Town Underground Station entrance 2,51.503238,-0.279907
Archway Underground Station entrance 1,51.565678,-0.134926
Archway Underground Station entrance 2,51.565243,-0.134757
Archway Underground Station entrance 3,51.564915,-0.135015
Aldgate East Underground Station entrance 1,51.515193,-0.072045
Aldgate East Underground Station entrance 2,51.514725,-0.070883
Aldgate East Underground Station entrance 3,51.515134,-0.071717
Aldgate East Underground Station entrance 4,51.515084,-0.071964
Aldgate East Underground Station entrance 5,51.515877,-0.069898
Aldgate East Underground Station entrance 6,51.515987,-0.070009
Angel Underground Station entrance 1,51.53184,-0.106349
Angel Underground Station entrance 2,51.532796,-0.105992
Aldgate Underground Station entrance 1,51.51405,-0.075279
Alperton Underground Station entrance 1,51.540629,-0.299134
Arnos Grove Underground Station entrance 1,51.616065,-0.133396
Arsenal Underground Station entrance 1,51.558402,-0.105679
Bromley-By-Bow Underground Station entrance 1,51.52473,-0.011442
Bromley-By-Bow Underground Station entrance 2,51.524777,-0.011065
Barbican Underground Station entrance 1,51.520313,-0.09753
Bounds Green Underground Station entrance 1,51.606932,-0.124557
Bounds Green Underground Station entrance 2,51.606927,-0.124297
Becontree Underground Station entrance 1,51.540403,0.12751
Barkingside Underground Station entrance 1,51.585819,0.08836
Blackfriars Underground Station entrance 3,51.511655,-0.104347
Bethnal Green Underground Station entrance 1,51.527317,-0.055271
Bethnal Green Underground Station entrance 2,51.527815,-0.055452
Bethnal Green Underground Station entrance 3,51.527167,-0.055436
Bethnal Green Underground Station entrance 4,51.527395,-0.0556
Balham Underground Station entrance 1,51.443233,-0.152942
Balham Underground Station entrance 2,51.44328,-0.15307
Balham Underground Station entrance 3,51.443507,-0.15319
Balham Underground Station entrance 4,51.44324,-0.152222
Bermondsey Underground Station entrance 1,51.498095,-0.063633
Bermondsey Underground Station entrance 2,51.498003,-0.064069
Bermondsey Underground Station entrance 3,51.497714,-0.063995
Bond Street Underground Station entrance 1,51.51452,-0.149138
Bond Street Underground Station entrance 2,51.51439,-0.148898
Bond Street Underground Station entrance 3,51.514361,-0.149331
Bond Street Underground Station entrance 4,51.513777,-0.149931
Bond Street Underground Station entrance 5,51.514043,-0.149099
Bond Street Underground Station entrance 6,51.51433,-0.149664
Bond Street Underground Station entrance 7,51.514411,-0.147355
Bank Underground Station entrance 8,51.51321,-0.089899
Bank Underground Station entrance 1,51.513352,-0.089735
Bank Underground Station entrance 11,51.513369,-0.089129
Bank Underground Station entrance 3,51.513346,-0.088265
Bank Underground Station entrance 4,51.513227,-0.088731
Bank Underground Station entrance 5,51.513215,-0.089078
Bank Underground Station entrance 6,51.513446,-0.088895
Bank Underground Station entrance 7,51.513535,-0.088315
Bank Underground Station entrance 2,51.512542,-0.088083
Bank Underground Station entrance 9,51.512915,-0.088298
Bank Underground Station entrance 10,51.512634,-0.08818
Borough Underground Station entrance 1,51.501235,-0.093397
Borough Underground Station entrance 2,51.50028,-0.092183
Boston Manor Underground Station entrance 1,51.495852,-0.324456
Barons Court Underground Station entrance 1,51.490376,-0.213554
Baker Street Underground Station entrance 1,51.522457,-0.156946
Baker Street Underground Station entrance 2,51.522222,-0.156278
Baker Street Underground Station entrance 3,51.522685,-0.157701
Baker Street Underground Station entrance 4,51.52232,-0.157384
Burnt Oak Underground Station entrance 1,51.602593,-0.263983
Brent Cross Underground Station entrance 1,51.577069,-0.213361
Brent Cross Underground Station entrance 2,51.576742,-0.213186
Bow Road Underground Station entrance 1,51.527117,-0.025005
Bayswater Underground Station entrance 1,51.512388,-0.187689
Brixton Underground Station entrance 1,51.462655,-0.114959
Belsize Park Underground Station entrance 1,51.550285,-0.164735
Caledonian Road Underground Station entrance 1,51.548575,-0.118116
Chalk Farm Underground Station entrance 1,51.543949,-0.15351
Covent Garden Underground Station entrance 1,51.513056,-0.124351
Covent Garden Underground Station entrance 2,51.51298,-0.124109
Chancery Lane Underground Station entrance 1,51.51811,-0.111502
Chancery Lane Underground Station entrance 2,51.518227,-0.111469
Chancery Lane Underground Station entrance 3,51.518185,-0.11111
Charing Cross Underground Station entrance 1,51.508239,-0.125125
Charing Cross Underground Station entrance 2,51.508574,-0.124693
Charing Cross Underground Station entrance 3,51.508945,-0.124836
Charing Cross Underground Station entrance 4,51.50844,-0.125866
Charing Cross Underground Station entrance 5,51.509329,-0.124662
Charing Cross Underground Station entrance 6,51.508685,-0.12489
Charing Cross Underground Station entrance 7,51.508193,-0.125617
Charing Cross Underground Station entrance 8,51.507849,-0.127158
Charing Cross Underground Station entrance 10,51.507692,-0.127453
Charing Cross Underground Station entrance 13,51.509024,-0.125813
Charing Cross Underground Station entrance 14,51.507312,-0.128405
Charing Cross Underground Station entrance 11,51.507794,-0.127089
Cockfosters Underground Station entrance 1,51.651861,-0.14975
Cockfosters Underground Station entrance 2,51.651471,-0.150098
Cockfosters Underground Station entrance 3,51.651548,-0.149806
Cockfosters Underground Station entrance 4,51.651297,-0.14931
Colindale Underground Station entrance 1,51.595334,-0.249923
Clapham Common Underground Station entrance 1,51.461817,-0.138473
Clapham Common Underground Station entrance 2,51.461596,-0.138194
Clapham Common Underground Station entrance 3,51.461698,-0.138334
Canons Park Underground Station entrance 1,51.607563,-0.294438
Canons Park Underground Station entrance 2,51.60754,-0.294757
Clapham North Underground Station entrance 1,51.465182,-0.129554
Clapham South Underground Station entrance 1,51.452898,-0.147673
Colliers Wood Underground Station entrance 1,51.418053,-0.178191
Colliers Wood Underground Station entrance 2,51.418266,-0.177996
Cannon Street Underground Station entrance 1,51.511579,-0.090789
Camden Town Underground Station entrance 1,51.539297,-0.142494
Camden Town Underground Station entrance 2,51.539247,-0.14277
Camden Town Underground Station entrance 3,51.539299,-0.143201
Camden Town Underground Station entrance 4,51.539719,-0.142463
Chiswick Park Underground Station entrance 1,51.494358,-0.267392
Chiswick Park Underground Station entrance 2,51.494254,-0.26764
Chiswick Park Underground Station entrance 3,51.49434,-0.268041
Canary Wharf Underground Station entrance 1,51.503526,-0.020002
Canary Wharf Underground Station entrance 2,51.503441,-0.016029
Canary Wharf Underground Station entrance 3,51.503457,-0.017484
Dagenham East Underground Station entrance 1,51.544231,0.166009
Dagenham Heathway Underground Station entrance 1,51.541761,0.147778
Dollis Hill Underground Station entrance 1,51.552499,-0.238758
Dollis Hill Underground Station entrance 2,51.551507,-0.239172
Elephant & Castle Underground Station entrance 1,51.495728,-0.100917
Elephant & Castle Underground Station entrance 2,51.494652,-0.100587
Eastcote Underground Station entrance 1,51.576451,-0.397245
Eastcote Underground Station entrance 2,51.576533,-0.397315
East Acton Underground Station entrance 1,51.516588,-0.247494
Ealing Common Underground Station entrance 1,51.510319,-0.288172
Earls Court Underground Station entrance 1,51.492204,-0.193186
Earls Court Underground Station entrance 2,51.490293,-0.195782
East Finchley Underground Station entrance 1,51.587039,-0.164279
East Finchley Underground Station entrance 2,51.586695,-0.164712
East Ham Underground Station entrance 1,51.539288,0.051273
East Ham Underground Station entrance 2,51.538962,0.051388
Embankment Underground Station entrance 1,51.50738,-0.122566
Embankment Underground Station entrance 2,51.506974,-0.121906
Elm Park Underground Station entrance 1,51.549917,0.199224
East Putney Underground Station entrance 1,51.459165,-0.210742
Edgware Road (Bakerloo Line) Underground Station entrance 1,51.520156,-0.170184
Edgware Road (Circle Line) Underground Station entrance 1,51.519672,-0.168027
Edgware Road (Circle Line) Underground Station entrance 2,51.520467,-0.166496
Euston Square Underground Station entrance 2,51.525776,-0.135909
Euston Square Underground Station entrance 1,51.525358,-0.135623
Fulham Broadway Underground Station entrance 1,51.480098,-0.195407
Farringdon Underground Station entrance 1,51.520061,-0.104733
Fairlop Underground Station entrance 1,51.59557,0.090713
Finsbury Park Underground Station entrance 1,51.565207,-0.107791
Finsbury Park Underground Station entrance 2,51.563761,-0.106783
Finsbury Park Underground Station entrance 3,51.564491,-0.105772
Finchley Central Underground Station entrance 1,51.601089,-0.192347
Finchley Central Underground Station entrance 2,51.600613,-0.192943
Finchley Road Underground Station entrance 1,51.546877,-0.179756
Goodge Street Underground Station entrance 1,51.520673,-0.134503
Golders Green Underground Station entrance 2,51.572528,-0.194
Golders Green Underground Station entrance 1,51.572031,-0.194409
Goldhawk Road Underground Station entrance 1,51.501933,-0.227309
Goldhawk Road Underground Station entrance 2,51.501974,-0.226471
Green Park Underground Station entrance 2,51.50673,-0.142738
Green Park Underground Station entrance 1,51.506539,-0.143178
Green Park Underground Station entrance 3,51.50684,-0.142835
Green Park Underground Station entrance 4,51.506851,-0.142978
Green Park Underground Station entrance 5,51.506526,-0.142905
Great Portland Street Underground Station entrance 1,51.523889,-0.143972
Great Portland Street Underground Station entrance 2,51.523786,-0.143673
Gants Hill Underground Station entrance 1,51.577453,0.065605
Gants Hill Underground Station entrance 2,51.577248,0.065538
Gants Hill Underground Station entrance 3,51.577258,0.065972
Gants Hill Underground Station entrance 4,51.576955,0.066333
Gants Hill Underground Station entrance 5,51.576595,0.066837
Gants Hill Underground Station entrance 6,51.576423,0.067464
Gants Hill Underground Station entrance 7,51.576248,0.067153
Gants Hill Underground Station entrance 8,51.576329,0.066637
Gants Hill Underground Station entrance 9,51.576399,0.065716
Gants Hill Underground Station entrance 10,51.576646,0.065525
Gloucester Road Underground Station entrance 1,51.494333,-0.182585
Gloucester Road Underground Station entrance 2,51.494605,-0.182718
Holborn Underground Station entrance 1,51.517351,-0.12021
Holborn Underground Station entrance 2,51.51759,-0.119984
High Barnet Underground Station entrance 1,51.650471,-0.194416
High Barnet Underground Station entrance 2,51.650278,-0.194164
Hornchurch Underground Station entrance 1,51.554099,0.219246
Hendon Central Underground Station entrance 1,51.582985,-0.226942
Hillingdon Underground Station entrance 2,51.553719,-0.448126
Hillingdon Underground Station entrance 3,51.553916,-0.449403
Hillingdon Underground Station entrance 1,51.553651,-0.449758
Hillingdon Underground Station entrance 4,51.553718,-0.449366
Hanger Lane Underground Station entrance 1,51.530133,-0.292749
Hanger Lane Underground Station entrance 2,51.529883,-0.292311
Hanger Lane Underground Station entrance 3,51.529561,-0.29303
Hanger Lane Underground Station entrance 4,51.529433,-0.292242
Highgate Underground Station entrance 1,51.577815,-0.145528
Highgate Underground Station entrance 2,51.577667,-0.147006
Highgate Underground Station entrance 3,51.577588,-0.145985
Hatton Cross Underground Station entrance 1,51.466528,-0.422968
Hatton Cross Underground Station entrance 2,51.46695,-0.422925
Hyde Park Corner Underground Station entrance 1,51.504935,-0.152033
Hyde Park Corner Underground Station entrance 2,51.503138,-0.151558
Hyde Park Corner Underground Station entrance 3,51.503134,-0.152481
Hyde Park Corner Underground Station entrance 4,51.502833,-0.152752
Hyde Park Corner Underground Station entrance 5,51.503088,-0.151849
Hyde Park Corner Underground Station entrance 6,51.502712,-0.152483
Hyde Park Corner Underground Station entrance 7,51.503086,-0.152857
Holland Park Underground Station entrance 1,51.507358,-0.205627
Holland Park Underground Station entrance 2,51.507161,-0.205649
Heathrow Terminals 1-2-3 Underground Station entrance 4,51.472355,-0.451982
Heathrow Terminals 1-2-3 Underground Station entrance 1,51.471456,-0.454705
Heathrow Terminals 1-2-3 Underground Station entrance 2,51.471079,-0.454761
Heathrow Terminals 1-2-3 Underground Station entrance 6,51.469437,-0.451001
Heathrow Terminals 1-2-3 Underground Station entrance 3,51.471413,-0.452187
Hammersmith (H&C Line) Underground Station entrance 1,51.493383,-0.225033
Hammersmith (H&C Line) Underground Station entrance 2,51.493172,-0.224177
Hammersmith (Dist&Picc Line) Underground Station entrance 1,51.492393,-0.22438
Hammersmith (Dist&Picc Line) Underground Station entrance 2,51.491797,-0.223668
High Street Kensington Underground Station entrance 1,51.501031,-0.192923
Hampstead Underground Station entrance 1,51.556595,-0.178431
Hampstead Underground Station entrance 2,51.556749,-0.178482
Hounslow Central Underground Station entrance 1,51.471202,-0.367014
Hounslow East Underground Station entrance 1,51.473308,-0.356802
Hounslow West Underground Station entrance 1,51.473052,-0.385637
Holloway Road Underground Station entrance 1,51.552904,-0.112745
Ickenham Underground Station entrance 1,51.562026,-0.441899
Kilburn Underground Station entrance 1,51.547016,-0.203909
Kingsbury Underground Station entrance 1,51.584978,-0.278699
Knightsbridge Underground Station entrance 1,51.501872,-0.160889
Knightsbridge Underground Station entrance 2,51.501816,-0.160185
Knightsbridge Underground Station entrance 3,51.501732,-0.16052
Knightsbridge Underground Station entrance 4,51.500342,-0.162506
Kennington Underground Station entrance 1,51.488343,-0.105804
Kennington Underground Station entrance 2,51.488157,-0.105408
Kilburn Park Underground Station entrance 1,51.53505,-0.19358
Kings Cross St.Pancras Underground Station entrance 2,51.530206,-0.123848
Kings Cross St.Pancras Underground Station entrance 3,51.530246,-0.123543
Kings Cross St.Pancras Underground Station entrance 1,51.530154,-0.123432
Kings Cross St.Pancras Underground Station entrance 12,51.530058,-0.123637
Kings Cross St.Pancras Underground Station entrance 5,51.530084,-0.124098
Kings Cross St.Pancras Underground Station entrance 6,51.530709,-0.124404
Kings Cross St.Pancras Underground Station entrance 7,51.530923,-0.124265
Kings Cross St.Pancras Underground Station entrance 8,51.530492,-0.123764
Kings Cross St.Pancras Underground Station entrance 9,51.530198,-0.124497
Kings Cross St.Pancras Underground Station entrance 11,51.532131,-0.126147
Kings Cross St.Pancras Underground Station entrance 4,51.532117,-0.124735
Kings Cross St.Pancras Underground Station entrance 10,51.530123,-0.12486
Ladbroke Grove Underground Station entrance 1,51.517426,-0.210074
Lambeth North Underground Station entrance 1,51.498851,-0.112212
Lancaster Gate Underground Station entrance 1,51.511685,-0.175424
London Bridge Underground Station entrance 1,51.505989,-0.088242
London Bridge Underground Station entrance 2,51.505464,-0.088537
London Bridge Underground Station entrance 3,51.505729,-0.086595
Latimer Road Underground Station entrance 1,51.513701,-0.217628
Leicester Square Underground Station entrance 1,51.511259,-0.128373
Leicester Square Underground Station entrance 2,51.511379,-0.12857
Leicester Square Underground Station entrance 3,51.51162,-0.127897
Leicester Square Underground Station entrance 4,51.511717,-0.128354
Liverpool Street Underground Station entrance 3,51.517141,-0.082759
Liverpool Street Underground Station entrance 4,51.517804,-0.081564
Leyton Underground Station entrance 1,51.556495,-0.005816
Leytonstone Underground Station entrance 1,51.56836,0.007185
Leytonstone Underground Station entrance 2,51.568053,0.008312
Marble Arch Underground Station entrance 1,51.513525,-0.16078
Marble Arch Underground Station entrance 2,51.511999,-0.157498
Marble Arch Underground Station entrance 3,51.513018,-0.158278
Marble Arch Underground Station entrance 4,51.511344,-0.158187
Marble Arch Underground Station entrance 5,51.512359,-0.158665
Marble Arch Underground Station entrance 6,51.513277,-0.158181
Marble Arch Underground Station entrance 7,51.512596,-0.158338
Marble Arch Underground Station entrance 8,51.512012,-0.160077
Marble Arch Underground Station entrance 9,51.513497,-0.158446
Marble Arch Underground Station entrance 12,51.511709,-0.157351
Marble Arch Underground Station entrance 10,51.51186,-0.158425
Marble Arch Underground Station entrance 11,51.51189,-0.158021
Marble Arch Underground Station entrance 13,51.51299,-0.16279
Morden Underground Station entrance 1,51.402032,-0.194685
Morden Underground Station entrance 2,51.402216,-0.194362
Mile End Underground Station entrance 1,51.525253,-0.033404
Mill Hill East Underground Station entrance 1,51.608271,-0.209768
Monument Underground Station entrance 1,51.510511,-0.085963
Monument Underground Station entrance 2,51.510727,-0.086472
Monument Underground Station entrance 3,51.510916,-0.086493
Monument Underground Station entrance 4,51.510775,-0.086701
Monument Underground Station entrance 5,51.511655,-0.087154
Manor House Underground Station entrance 1,51.571082,-0.096306
Manor House Underground Station entrance 2,51.57106,-0.096033
Manor House Underground Station entrance 3,51.570474,-0.095913
Manor House Underground Station entrance 4,51.570632,-0.095704
Manor House Underground Station entrance 5,51.570946,-0.095662
Manor House Underground Station entrance 6,51.570819,-0.09561
Manor House Underground Station entrance 7,51.570459,-0.096144
Mansion House Underground Station entrance 1,51.51216,-0.093892
Mansion House Underground Station entrance 2,51.512327,-0.094202
Mansion House Underground Station entrance 3,51.512304,-0.093353
Mansion House Underground Station entrance 4,51.512354,-0.094201
Mansion House Underground Station entrance 5,51.512511,-0.093906
Mornington Crescent Underground Station entrance 1,51.534127,-0.139129
Maida Vale Underground Station entrance 1,51.529814,-0.185872
Maida Vale Underground Station entrance 2,51.529949,-0.185824
North Acton Underground Station entrance 1,51.523461,-0.259757
Newbury Park Underground Station entrance 1,51.575562,0.090646
Neasden Underground Station entrance 1,51.554021,-0.249763
North Ealing Underground Station entrance 1,51.517554,-0.289155
Northfields Underground Station entrance 1,51.499271,-0.314548
North Greenwich Underground Station entrance 1,51.500266,0.004624
North Greenwich Underground Station entrance 2,51.500098,0.003421
North Greenwich Underground Station entrance 3,51.500505,0.004303
North Harrow Underground Station entrance 1,51.584921,-0.362016
North Harrow Underground Station entrance 2,51.584761,-0.362195
Notting Hill Gate Underground Station entrance 1,51.509065,-0.196698
Notting Hill Gate Underground Station entrance 2,51.508929,-0.196645
Notting Hill Gate Underground Station entrance 3,51.509147,-0.196204
Notting Hill Gate Underground Station entrance 4,51.509012,-0.19621
Notting Hill Gate Underground Station entrance 5,51.509911,-0.197932
Northolt Underground Station entrance 1,51.548191,-0.368066
Northwick Park Underground Station entrance 1,51.578707,-0.318178
Northwick Park Underground Station entrance 2,51.578234,-0.318368
Northwood Underground Station entrance 1,51.611159,-0.423695
Northwood Hills Underground Station entrance 1,51.600779,-0.409471
Oakwood Underground Station entrance 1,51.647634,-0.132085
Osterley Underground Station entrance 1,51.480896,-0.351618
Osterley Underground Station entrance 2,51.48132,-0.35166
Oval Underground Station entrance 1,51.481931,-0.112493
Oval Underground Station entrance 2,51.482269,-0.112825
Oxford Circus Underground Station entrance 1,51.515372,-0.14217
Oxford Circus Underground Station entrance 2,51.515331,-0.141855
Oxford Circus Underground Station entrance 3,51.515167,-0.14228
Oxford Circus Underground Station entrance 4,51.515125,-0.141921
Oxford Circus Underground Station entrance 5,51.51523,-0.141139
Oxford Circus Underground Station entrance 6,51.515245,-0.141541
Oxford Circus Underground Station entrance 7,51.515002,-0.140989
Oxford Circus Underground Station entrance 8,51.515328,-0.141077
Oxford Circus Underground Station entrance 9,51.515958,-0.142291
Paddington Underground Station entrance 1,51.515494,-0.175704
Paddington Underground Station entrance 2,51.515987,-0.176217
Paddington Underground Station entrance 3,51.516051,-0.175105
Paddington (H&C Line) Underground Station entrance 1,51.516875,-0.17722
Paddington (H&C Line) Underground Station entrance 2,51.518212,-0.177628
Piccadilly Circus Underground Station entrance 1,51.510235,-0.135203
Piccadilly Circus Underground Station entrance 2,51.509921,-0.135259
Piccadilly Circus Underground Station entrance 3,51.509739,-0.135137
Piccadilly Circus Underground Station entrance 4,51.509987,-0.134319
Piccadilly Circus Underground Station entrance 5,51.50955,-0.134553
Piccadilly Circus Underground Station entrance 6,51.509538,-0.134929
Piccadilly Circus Underground Station entrance 7,51.510146,-0.134183
Piccadilly Circus Underground Station entrance 8,51.510152,-0.133967
Pimlico Underground Station entrance 1,51.488962,-0.133723
Pimlico Underground Station entrance 2,51.489094,-0.132997
Pimlico Underground Station entrance 3,51.489294,-0.133724
Park Royal Underground Station entrance 1,51.527067,-0.28417
Park Royal Underground Station entrance 2,51.527092,-0.284645
Plaistow Underground Station entrance 1,51.531286,0.01804
Plaistow Underground Station entrance 2,51.531399,0.017713
Pinner Underground Station entrance 1,51.593008,-0.3811
Pinner Underground Station entrance 2,51.591686,-0.380382
Preston Road Underground Station entrance 1,51.57178,-0.294869
Parsons Green Underground Station entrance 1,51.475457,-0.201206
Parsons Green Underground Station entrance 2,51.475353,-0.200879
Perivale Underground Station entrance 1,51.53677,-0.324006
Perivale Underground Station entrance 2,51.536473,-0.323368
Putney Bridge Underground Station entrance 1,51.467945,-0.209161
Queensbury Underground Station entrance 1,51.594097,-0.285515
Queensway Underground Station entrance 1,51.510618,-0.187168
Queensway Underground Station entrance 2,51.510248,-0.187125
Redbridge Underground Station entrance 1,51.576285,0.045564
Redbridge Underground Station entrance 2,51.57646,0.045312
Regents Park Underground Station entrance 1,51.523591,-0.146708
Ruislip Gardens Underground Station entrance 1,51.560606,-0.411104
Ruislip Gardens Underground Station entrance 2,51.560411,-0.41062
Ruislip Manor Underground Station entrance 1,51.573148,-0.412918
Ruislip Manor Underground Station entrance 2,51.57332,-0.412984
Ruislip Underground Station entrance 1,51.57158,-0.421327
Russell Square Underground Station entrance 1,51.523182,-0.124353
Ravenscourt Park Underground Station entrance 1,51.49406,-0.23656
Ravenscourt Park Underground Station entrance 2,51.493976,-0.236333
Roding Valley Underground Station entrance 1,51.617344,0.043552
Roding Valley Underground Station entrance 2,51.616853,0.043877
Rayners Lane Underground Station entrance 1,51.574953,-0.370759
Royal Oak Underground Station entrance 1,51.519113,-0.188777
Shepherds Bush (Central Line) Underground Stn entrance 1,51.504627,-0.218141
Shepherds Bush (Central Line) Underground Stn entrance 2,51.505009,-0.217823
Shepherds Bush Market Underground Station entrance 1,51.505703,-0.226269
Shepherds Bush Market Underground Station entrance 2,51.505752,-0.226541
South Ealing Underground Station entrance 1,51.501382,-0.306848
Stamford Brook Underground Station entrance 1,51.494996,-0.246781
Stamford Brook Underground Station entrance 2,51.494951,-0.244968
Southfields Underground Station entrance 1,51.444866,-0.206538
Southfields Underground Station entrance 2,51.445097,-0.206356
Stepney Green Underground Station entrance 1,51.521805,-0.046612
Southgate Underground Station entrance 1,51.632319,-0.128061
Southgate Underground Station entrance 2,51.63255,-0.127864
South Harrow Underground Station entrance 1,51.564916,-0.352592
South Harrow Underground Station entrance 2,51.564793,-0.352813
St. James Park Underground Station entrance 1,51.499626,-0.133129
St. James Park Underground Station entrance 2,51.499059,-0.135342
St. James Park Underground Station entrance 3,51.499644,-0.133647
St. James Park Underground Station entrance 4,51.499369,-0.133355
St Johns Wood Underground Station entrance 1,51.534542,-0.174149
South Kensington Underground Station entrance 1,51.493843,-0.173039
South Kensington Underground Station entrance 2,51.494075,-0.174096
South Kensington Underground Station entrance 3,51.494201,-0.174091
South Kensington Underground Station entrance 4,51.494705,-0.173494
South Kensington Underground Station entrance 5,51.495671,-0.173773
Stockwell Underground Station entrance 1,51.472248,-0.122655
Stockwell Underground Station entrance 2,51.472439,-0.122835
Snaresbrook Underground Station entrance 1,51.581029,0.021427
Snaresbrook Underground Station entrance 2,51.581135,0.021518
Snaresbrook Underground Station entrance 3,51.581259,0.02161
Snaresbrook Underground Station entrance 4,51.58094,0.021841
St. Pauls Underground Station entrance 1,51.515099,-0.097084
St. Pauls Underground Station entrance 2,51.514881,-0.09754
Sloane Square Underground Station entrance 1,51.492489,-0.156628
Sloane Square Underground Station entrance 2,51.492169,-0.156252
Stanmore Underground Station entrance 1,51.61973,-0.303169
Stanmore Underground Station entrance 2,51.619827,-0.301808
Stanmore Underground Station entrance 3,51.619647,-0.303649
Sudbury Hill Underground Station entrance 1,51.556233,-0.336259
Sudbury Hill Underground Station entrance 2,51.557012,-0.336072
Sudbury Town Underground Station entrance 1,51.550367,-0.31592
Sudbury Town Underground Station entrance 2,51.550947,-0.315581
Seven Sisters Underground Station entrance 1,51.581889,-0.075185
Seven Sisters Underground Station entrance 2,51.583794,-0.072362
Seven Sisters Underground Station entrance 3,51.583202,-0.072445
Seven Sisters Underground Station entrance 4,51.583697,-0.071976
Seven Sisters Underground Station entrance 5,51.583285,-0.072066
Swiss Cottage Underground Station entrance 1,51.543604,-0.175113
Swiss Cottage Underground Station entrance 2,51.543247,-0.174738
Swiss Cottage Underground Station entrance 3,51.543526,-0.175881
Swiss Cottage Underground Station entrance 4,51.543305,-0.174404
Swiss Cottage Underground Station entrance 5,51.54366,-0.174693
South Woodford Underground Station entrance 1,51.591928,0.027685
South Woodford Underground Station entrance 2,51.592178,0.027249
Southwark Underground Station entrance 1,51.503765,-0.104689
Southwark Underground Station entrance 2,51.504144,-0.105841
South Wimbledon Underground Station entrance 1,51.415271,-0.19251
Totteridge & Whetstone Underground Station entrance 1,51.630184,-0.179285
Tooting Bec Underground Station entrance 1,51.435494,-0.159455
Tooting Bec Underground Station entrance 2,51.435759,-0.159718
Tooting Bec Underground Station entrance 3,51.43545,-0.159515
Tooting Bec Underground Station entrance 4,51.435738,-0.159517
Tooting Broadway Underground Station entrance 1,51.427932,-0.168088
Tottenham Court Road Underground Station entrance 1,51.51633,-0.130615
Tottenham Court Road Underground Station entrance 2,51.516622,-0.130286
Tottenham Court Road Underground Station entrance 3,51.5162,-0.130304
Tottenham Court Road Underground Station entrance 4,51.516217,-0.13026
Tufnell Park Underground Station entrance 1,51.556719,-0.138164
Tufnell Park Underground Station entrance 2,51.556851,-0.138014
Temple Underground Station entrance 1,51.51101,-0.113972
Turnham Green Underground Station entrance 1,51.495382,-0.255208
Turnpike Lane Underground Station entrance 1,51.590478,-0.102901
Turnpike Lane Underground Station entrance 2,51.590573,-0.102623
Turnpike Lane Underground Station entrance 3,51.590562,-0.103619
Turnpike Lane Underground Station entrance 4,51.590227,-0.103503
Tower Hill Underground Station entrance 1,51.5102,-0.07681
Tower Hill Underground Station entrance 2,51.509835,-0.07648
Upminster Bridge Underground Station entrance 1,51.559008,0.235875
Upton Park Underground Station entrance 1,51.535485,0.035212
Upton Park Underground Station entrance 2,51.53534,0.035292
Upton Park Underground Station entrance 3,51.535234,0.035172
Upney Underground Station entrance 1,51.538488,0.101564
Uxbridge Underground Station entrance 1,51.546051,-0.479221
Uxbridge Underground Station entrance 2,51.546423,-0.478761
Victoria Underground Station entrance 5,51.495549,-0.141968
Vauxhall Underground Station entrance 1,51.486316,-0.124584
Vauxhall Underground Station entrance 2,51.485842,-0.123638
Vauxhall Underground Station entrance 3,51.485998,-0.123272
Vauxhall Underground Station entrance 4,51.485597,-0.124628
Vauxhall Underground Station entrance 5,51.485171,-0.124386
Vauxhall Underground Station entrance 6,51.485692,-0.12327
White City Underground Station entrance 1,51.511966,-0.224743
West Finchley Underground Station entrance 1,51.609583,-0.18863
West Finchley Underground Station entrance 2,51.608173,-0.188166
West Hampstead Underground Station entrance 1,51.546773,-0.191025
West Harrow Underground Station entrance 1,51.580147,-0.353124
West Harrow Underground Station entrance 2,51.579911,-0.352988
Willesden Green Underground Station entrance 1,51.549244,-0.220941
Willesden Green Underground Station entrance 2,51.549051,-0.221237
Wimbledon Park Underground Station entrance 1,51.434625,-0.199616
Warwick Avenue Underground Station entrance 1,51.52336,-0.183664
Warwick Avenue Underground Station entrance 2,51.523133,-0.184149
West Kensington Underground Station entrance 1,51.490705,-0.206857
Wood Lane Underground Station entrance 1,51.509669,-0.224501
Waterloo Underground Station entrance 1,51.503814,-0.113289
Waterloo Underground Station entrance 4,51.503585,-0.115273
Waterloo Underground Station entrance 5,51.503349,-0.11119
Woodford Underground Station entrance 1,51.607445,0.033591
Woodford Underground Station entrance 2,51.607525,0.034692
Wood Green Underground Station entrance 1,51.5973,-0.109966
Woodside Park Underground Station entrance 1,51.617956,-0.185162
Woodside Park Underground Station entrance 2,51.617983,-0.185753
Warren Street Underground Station entrance 1,51.524568,-0.13799
Warren Street Underground Station entrance 2,51.524506,-0.138079
Wanstead Underground Station entrance 1,51.575595,0.028315
Wanstead Underground Station entrance  2,51.575245,0.028256
Westminster Underground Station entrance 1,51.501248,-0.123769
Westminster Underground Station entrance 2,51.500953,-0.124948
Westminster Underground Station entrance 3,51.500863,-0.123828
Westminster Underground Station entrance 4,51.501249,-0.126075
Westminster Underground Station entrance 5,51.501265,-0.126506
Westminster Underground Station entrance 6,51.501151,-0.12386
Westbourne Park Underground Station entrance 1,51.520906,-0.20067
West Acton Underground Station entrance 1,51.517895,-0.281085
Wembley Park Underground Station entrance 2,51.56326,-0.279202
Wembley Park Underground Station entrance 1,51.562972,-0.279761
Wembley Park Underground Station entrance 3,51.562985,-0.279457
